,Phone Name,Price Per Month,Interest,Total Price,Unlimited Offer
0,iPhone SE,$22.19 per month,Interest free over 36 months on a Mobile $59.99 Rollover Plan,Device only from $799,3 months half price on an Unlimited Plan
1,Samsung Galaxy S20 Ultra 5G,$55.50 per month,Interest free over 36 months on a Mobile $59.99 Rollover Plan,Device only from $2199,Get a Xbox One S on us  + 3 months half price on an Unlimited Plan
2,Samsung Galaxy S20+ 5G,$47.17 per month,Interest free over 36 months on a Mobile $59.99 Rollover Plan,Device only from $1899,Get a Xbox One S on us  + 3 months half price on an Unlimited Plan
3,Samsung Galaxy S20,$36.06 per month,Interest free over 36 months on a Mobile $59.99 Rollover Plan,Device only from $1499,Save $200 over your interest free term + 3 months half price on an Unlimited Plan
4,iPhone 11 Pro,$54.14 per month,Interest free over 36 months on a Mobile $59.99 Rollover Plan,Device only from $1949,3 months half price on an Unlimited Plan
5,iPhone 11 Pro Max,$59.69 per month,Interest free over 36 months on a Mobile $59.99 Rollover Plan,Device only from $2149,3 months half price on an Unlimited Plan
6,iPhone 11,$37.47 per month,Interest free over 36 months on a Mobile $59.99 Rollover Plan,Device only from $1349,3 months half price on an Unlimited Plan
7,Samsung Galaxy Note10+,$52.75 per month,Interest free over 36 months on a Mobile $59.99 Rollover Plan,Device only from $1899,Free Samsung Galaxy Buds Promo - Black + 3 months half price on an Unlimited Plan
8,Samsung Galaxy Note10,$47.19 per month,Interest free over 36 months on a Mobile $59.99 Rollover Plan,Device only from $1699,Free Samsung Galaxy Buds Promo - Black + 3 months half price on an Unlimited Plan
9,iPhone XR,$31.92 per month,Interest free over 36 months on a Mobile $59.99 Rollover Plan,Device only from $1149,3 months half price on an Unlimited Plan
10,Samsung Galaxy S10,$30.50 per month,Interest free over 36 months on a Mobile $59.99 Rollover Plan,Device only from $1299,Save $200 over your interest free term + 3 months half price on an Unlimited Plan
11,Samsung Galaxy S10e,$23.58 per month,Interest free over 36 months on a Mobile $59.99 Rollover Plan,Device only from $849,3 months half price on an Unlimited Plan
12,Huawei P30 Pro,$30.53 per month,Interest free over 36 months on a Mobile $59.99 Rollover Plan,Device only from $1499,Save $400 over your interest free term + 3 months half price on an Unlimited Plan
13,CAT S61,$36.08 per month,Interest free over 36 months on a Mobile $59.99 Rollover Plan,Device only from $1299,3 months half price on an Unlimited Plan
14,OPPO Reno2,$22.19 per month,Interest free over 36 months on a Mobile $59.99 Rollover Plan,Device only from $799,3 months half price on an Unlimited Plan
15,Huawei nova 5T,$13.83 per month,Interest free over 36 months on a Mobile $59.99 Rollover Plan,Device only from $699,Save $200 over your interest free term + Free Huawei Soundstone Speaker
16,iPhone 7,$16.64 per month,Interest free over 36 months on a Mobile $59.99 Rollover Plan,Device only from $599,3 months half price on an Unlimited Plan
17,Nokia 7.2,$12.47 per month,Interest free over 36 months on a Mobile $59.99 Rollover Plan,Device only from $549,Save $100 over your interest free term + 3 months half price on an Unlimited Plan
18,Samsung Galaxy A51,$19.42 per month,Interest free over 36 months on a Mobile $59.99 Rollover Plan,Device only from $699,3 months half price on an Unlimited Plan
19,OPPO A9 2020,$11.08 per month,Interest free over 36 months on a Mobile $59.99 Rollover Plan,Device only from $499,Save $100 over Interest Free term + 3 months half price on an Unlimited Plan
20,Samsung Galaxy A30,$13.03 per month,Interest free over 36 months on a Mobile $59.99 Rollover Plan,Device only from $469,3 months half price on an Unlimited Plan
21,Samsung Galaxy XCover 4s,$11.08 per month,Interest free over 36 months on a Mobile $59.99 Rollover Plan,Device only from $399,3 months half price on an Unlimited Plan
22,Nokia 4.2,$9.69 per month,Interest free over 36 months on a Mobile $59.99 Rollover Plan,Device only from $349,3 months half price on an Unlimited Plan
23,Samsung Galaxy A10,$7.47 per month,Interest free over 36 months on a Mobile $59.99 Rollover Plan,Device only from $269,3 months half price on an Unlimited Plan
24,OPPO AX5s,$6.92 per month,Interest free over 36 months on a Mobile $59.99 Rollover Plan,Device only from $249,3 months half price on an Unlimited Plan
25,Huawei Y5 2019,$5.53 per month,Interest free over 36 months on a Mobile $59.99 Rollover Plan,Device only from $199,3 months half price on an Unlimited Plan
26,CAT B35,$179,On a Mobile $59.99 Rollover Plan,SIM only $5,None
27,Spark PLUS 3,$129,On a Mobile $59.99 Rollover Plan,None,None
28,Nokia 3310 3G,$99,On a Mobile $59.99 Rollover Plan,None,None
29,Spark Pocket 2,$99,On a Mobile $59.99 Rollover Plan,None,None
30,Spark Trio SIM,FREE,On a Mobile $59.99 Rollover Plan,None,None
